Lambda,flux
0,0.998133364167164
0.04,0.9612253804636347
0.008,0.990134851111493
0.0016,0.9964822935060053
0.00032,0.9977958001565403
6.4e-05,0.9980647715757959
1.28e-05,0.9981195569135446
2.56e-06,0.9981305966345037
5.12e-07,0.9981328103863929
