Lambda,flux
0,0.9981309354071426
0.0625,0.9428416387625332
0.015625,0.9828756906662767
0.00390625,0.994158156997629
0.0009765625,0.9971167220061296
0.000244140625,0.9978741277189432
6.103515625e-05,0.998065273728083
1.52587890625e-05,0.9981138487947886
3.814697265625e-06,0.998126654447126
