Lambda,flux
0,0.9981309354071444
0.0625,0.9428416387625341
0.015625,0.9828756906662763
0.00390625,0.9941581569976276
0.0009765625,0.9971167220061308
0.000244140625,0.997874127718945
6.103515625e-05,0.9980652737280843
1.52587890625e-05,0.9981138487947867
3.814697265625e-06,0.9981266544471262
