Lambda,flux
0,0.9981333641671646
2.25,0.38723097703267967
4.5,0.24726888629803656
9.0,0.14412492456027634
18.0,0.07869845021142385
36.0,0.04126904052794381
72.0,0.021153458133198626
144.0,0.010711822840700085
288.0,0.005390387983083365
576.0,0.002703903337886866
1152.0,0.0013541404179357212
2304.0,0.0006776188273880086
