Lambda,flux
0,0.9980450716888148
0.015625,0.9835031098798752
0.0078125,0.9904311471056368
0.00390625,0.9941152566540646
0.001953125,0.9960344734673481
0.0009765625,0.9970211382187306
0.00048828125,0.9975251600300122
0.000244140625,0.997781339595894
0.0001220703125,0.9979121160994107
