Lambda,flux
0,0.9981309354071426
0.0625,0.9428416578334818
0.09306845779488183,0.9197885747364684
0.1385878053810832,0.8886574703431851
0.20637045305591417,0.8476538610248375
0.30730527680551983,0.7952308239728532
0.45760685095230397,0.7305626408134688
0.6814202223120523,0.6541675961076768
1.0146996672132516,0.5684148784904269
1.5109845304402743,0.47757993370998575
2.25,0.38722710585188597
