Lambda,flux
0,0.9981309354071453
2.25,0.3872271217580904
4.5,0.24726699869698052
9.0,0.14412426136739656
18.0,0.07869827793666036
36.0,0.04126907781795953
72.0,0.02115366230386102
144.0,0.010711955294314105
288.0,0.00539041878248261
576.0,0.0027039138240311134
1152.0,0.0013541435207589348
2304.0,0.0006776193193482488
