Lambda,flux
0,0.9981333641671646
0.04,0.9612253804636338
0.008,0.9901389482953675
0.0016,0.9964822935060068
0.00032,0.9978008261294915
6.4e-05,0.9980715403858945
1.28e-05,0.9981195569135455
2.56e-06,0.9981305966345015
5.12e-07,0.9981328103863915
