Lambda,flux
0,0.9980463582814847
512,0.0037972580153474893
1024,0.0019029780220141182
2048,0.0009525803054760405
4096,0.00047656349631191875
8192,0.0002383501346452715
