Lambda,flux
0,0.998130663492491
0.04,0.9612204005830736
0.008,0.9901333529239176
0.0016,0.9964794348846064
0.00032,0.9977942187579074
6.4e-05,0.9980622549339291
1.28e-05,0.998116888786941
2.56e-06,0.9981279427756088
5.12e-07,0.9981297415944099
