Lambda,flux,DL_p/Lambda
1.0,0.7023573806506753,3.160493827160493
1.5401234567901234,0.6229480729904818,2.0521042084168335
2.080246913580247,0.5609273962300786,1.519287833827893
2.62037037037037,0.510677782630755,1.2061248527679624
3.160493827160493,0.4689594262438808,1.0
