Lambda,flux,DL_p/Lambda
1.0,0.7297241882546743,3.160493827160493
1.5401234567901234,0.64718721647739,2.0521042084168335
2.080246913580247,0.5827239739908708,1.519287833827893
2.62037037037037,0.5305009322810724,1.2061248527679624
3.160493827160493,0.48714839700447776,1.0
