Lambda,flux
0,0.9923057457857123
0.008,0.9846016721627051
0.0016,0.9905051371101361
0.00032,0.9919169313476065
6.4e-05,0.992224681278729
1.28e-05,0.9922891276155938
2.56e-06,0.9923022918888047
5.12e-07,0.9923050966333791
1.024e-07,0.9923055786712578
2.048e-08,0.992305656657388
4.096e-09,0.9923056860823414
8.192e-10,0.9923056899372663
1.6384e-10,0.9923056917479239
