Lambda,flux
0,9.793500595735974
0.0013717421124828531,9.74367502126844
0.0004572473708276177,9.776131876134697
0.00015241579027587258,9.787830227952506
5.080526342529086e-05,9.791668581760252
