Lambda,flux
0,9.793831970914868
0.037037037037037035,8.946533321623846
0.012345679012345678,9.431833285124778
0.00411522633744856,9.654953411170707
0.0013717421124828531,9.743815314699557
0.0004572473708276177,9.776448995566005
0.00015241579027587258,9.788032664638477
5.080526342529086e-05,9.791917533716699
