Lambda,flux
0, 9.793539361925657
0.037037037037037035,8.946479363592548
0.012345679012345678,9.431805625853045
0.00411522633744856,9.654868447643269
0.0013717421124828531,9.74366178944271
0.0004572473708276177,9.776323507662415
0.00015241579027587258,9.787867785993662
5.080526342529086e-05,9.791870363117644
1.6935087808430286e-05,9.793166730109645

